{
    "typeIdentifier": "textAreaTimer",
    "label": "Text Areas with Timer",
    "short": "TextTimer",
    "description": "Collect propositions in one or more text area(s) with time constraint.",
    "version": "0.0.2",
    "author": "Saskia Keskpaik, Jean-Philippe Rivière (Wiquid)",
    "email": "saskia.keskpaik@gmail.com",
    "tags": [
        "textarea",
        "timer"
    ],
    "response": {
        "baseType": "string",
        "cardinality": "single"
    },
    "runtime" : {
        "hook" : "./runtime/textAreaTimer.amd.js",
        "libraries" : [
            "IMSGlobal/jquery_2_1_1",
            "./runtime/js/renderer.js"
        ],
        "stylesheets" : [
            "./runtime/css/base.css",
            "./runtime/css/textAreaTimer.css"
        ],
        "mediaFiles" : [
            "./runtime/css/img/bg.png"
        ]
    },
    "creator" : {
        "icon": "./creator/img/icon.svg",
        "hook": "./pciCreator.js",
        "libraries" : [
            "./creator/tpl/markup.tpl",
            "./creator/tpl/propertiesForm.tpl",
            "./creator/widget/Widget.js",
            "./creator/widget/states/Question.js",
            "./creator/widget/states/states.js"
        ]
    }
}